id,correct_setup,correct_context,correct_edge,correct_signal,correct_execution
pa-001,,,,,
pa-002,,,,,
pa-003,,,,,
pa-004,,,,,
pa-005,,,,,
pa-006,,,,,
pa-007,,,,,
pa-008,,,,,
pa-009,,,,,
pa-010,,,,,
pa-011,,,,,
pa-012,,,,,
pa-013,,,,,
pa-014,,,,,
pa-015,,,,,
pa-016,,,,,
pa-017,,,,,
pa-018,,,,,
pa-019,,,,,
pa-020,,,,,
pa-021,,,,,
pa-022,,,,,
pa-023,,,,,
pa-024,,,,,
pa-025,,,,,
pa-026,,,,,
pa-027,,,,,
pa-028,,,,,
pa-029,,,,,
pa-030,,,,,
pa-031,,,,,
pa-032,,,,,
pa-033,,,,,
pa-034,,,,,
pa-035,,,,,
pa-036,,,,,
pa-037,,,,,
pa-038,,,,,
pa-039,,,,,
pa-040,,,,,
pa-041,,,,,
pa-042,,,,,
pa-043,,,,,
pa-044,,,,,
pa-045,,,,,
pa-046,,,,,
pa-047,,,,,
pa-048,,,,,
pa-049,,,,,
pa-050,,,,,
pa-051,,,,,
pa-052,,,,,
pa-053,,,,,
pa-054,,,,,
pa-055,,,,,
pa-056,,,,,
pa-057,,,,,
pa-058,,,,,
pa-059,,,,,
pa-060,,,,,
pa-061,,,,,
pa-062,,,,,
pa-063,,,,,
pa-064,,,,,
pa-065,,,,,
pa-066,,,,,
pa-067,,,,,
pa-068,,,,,
pa-069,,,,,
pa-070,,,,,
pa-071,,,,,
pa-072,,,,,
pa-073,,,,,
pa-074,,,,,
pa-075,,,,,
pa-076,,,,,
pa-077,,,,,
pa-078,,,,,
pa-079,,,,,
pa-080,,,,,
pa-081,,,,,
pa-082,,,,,
pa-083,,,,,
pa-084,,,,,
pa-085,,,,,
pa-086,,,,,
pa-087,,,,,
pa-088,,,,,
pa-089,,,,,
pa-090,,,,,
pa-091,,,,,
pa-092,,,,,
pa-093,,,,,
pa-094,,,,,
pa-095,,,,,
pa-096,,,,,
pa-097,,,,,
pa-098,,,,,
pa-099,,,,,
