question_id,url_avant,url_apres,url_explication,source_info
wtd-001,https://res.cloudinary.com/dh4cnlh03/image/upload/chart_wtd001_avant_ujax9k.png,https://res.cloudinary.com/dh4cnlh03/image/upload/chart_wtd001_apres_kd3sl3.png,https://res.cloudinary.com/dh4cnlh03/image/upload/chart_wtd001_explication_i4hglb.png,CHFJPY H1 Mar 2026 FXCM
wtd-002,https://res.cloudinary.com/dh4cnlh03/image/upload/chart_wtd002_avant_mrmaoa.png,https://res.cloudinary.com/dh4cnlh03/image/upload/chart_wtd002_apres_wfliih.png,https://res.cloudinary.com/dh4cnlh03/image/upload/chart_wtd002_explication_qkwpmd.png,
wtd-003,https://res.cloudinary.com/dh4cnlh03/image/upload/chart_wtd003_avant_pgjc7z.png,https://res.cloudinary.com/dh4cnlh03/image/upload/chart_wtd003_apres_ryznw0.png,https://res.cloudinary.com/dh4cnlh03/image/upload/chart_wtd003_explication_tx8qfw.png,
wtd-004,https://res.cloudinary.com/dh4cnlh03/image/upload/chart_wtd004_avant_u33ky2.png,https://res.cloudinary.com/dh4cnlh03/image/upload/chart_wtd004_apres_mh451e.png,https://res.cloudinary.com/dh4cnlh03/image/upload/chart_wtd004_explication_e73jba.png,
wtd-005,https://res.cloudinary.com/dh4cnlh03/image/upload/chart_wtd005_avant_syi0s9.png,https://res.cloudinary.com/dh4cnlh03/image/upload/chart_wtd005_apres_mxinzq.png,https://res.cloudinary.com/dh4cnlh03/image/upload/chart_wtd005_explication_waitn3.png,
wtd-006,https://res.cloudinary.com/dh4cnlh03/image/upload/chart_wtd006_avant_dxf3n2.png,https://res.cloudinary.com/dh4cnlh03/image/upload/chart_wtd006_apres_o2ulxl.png,https://res.cloudinary.com/dh4cnlh03/image/upload/chart_wtd006_explication_z94bb2.png,
wtd-007,https://res.cloudinary.com/dh4cnlh03/image/upload/chart_wtd007_avant_inb5zs.png,https://res.cloudinary.com/dh4cnlh03/image/upload/chart_wtd007_apres_jjk136.png,https://res.cloudinary.com/dh4cnlh03/image/upload/chart_wtd007_explication_uf67cb.png,
wtd-008,https://res.cloudinary.com/dh4cnlh03/image/upload/chart_wtd008_avant_bxhdzb.png,https://res.cloudinary.com/dh4cnlh03/image/upload/chart_wtd008_apres_vxdofi.png,https://res.cloudinary.com/dh4cnlh03/image/upload/chart_wtd008_explication_zmftzz.png,
wtd-009,https://res.cloudinary.com/dh4cnlh03/image/upload/chart_wtd009_avant_rdb7bj.png,https://res.cloudinary.com/dh4cnlh03/image/upload/chart_wtd009_apres_m6sdjv.png,https://res.cloudinary.com/dh4cnlh03/image/upload/chart_wtd009_explication_az70ur.png,
